<?xml version="1.0" encoding="UTF-8"?>
<!DOCTYPE configuration
  PUBLIC "-//mybatis.org//DTD Config 3.0//EN"
  "http://mybatis.org/dtd/mybatis-3-config.dtd">
<configuration>
  <typeAliases></typeAliases>
  <environments default="">
    <environment id="">
      <transactionManager type="JDBC"/>
      <dataSource type="POOLED">
        <property name="driver" value="com.mysql.cj.jdbc.Driver"/>
        <property name="url" value="jdbc:mysql://bespin-proj-team2.csu4pmhqpf94.ap-northeast-2.rds.amazonaws.com:3306/team2_proj?useSSL=false&amp;serverTimezone=UTC"/>
        <property name="username" value="team2"/>
        <property name="password" value="team2team2"/>
      </dataSource>
    </environment>
  </environments>
<mappers>
    <mapper resource="com/bespin/auto/mappers/memberMapper.xml"/>
  </mappers>
</configuration> 