<?xml version="1.0" encoding="UTF-8"?>
<!DOCTYPE mapper PUBLIC "-//mybatis.org//DTD Mapper 3.0//EN" "http://mybatis.org/dtd/mybatis-3-mapper.dtd">

<mapper namespace="com.bespin.auto.mappers.memberMapper">
	<select id="searchnum" resultType="com.bespin.auto.domain.User" parameterType="String">
		select * from bespineer where num = #{num};
	</select>
	<select id="searchname" resultType="com.bespin.auto.domain.User" parameterType="String">
		select * from bespineer where name = #{name};
	</select>
	<select id="searchteam" resultType="com.bespin.auto.domain.User" parameterType="String">
		select * from bespineer where team = #{team};
	</select>
	
	<select id="searchAll" resultType="com.bespin.auto.domain.User" parameterType="String">
		select * from bespineer;
	</select>
</mapper>